{
  "id": "teragona",
  "translations": {
    "en": {
      "label": "Teragonian Calendar",
      "description": "Standard Teragona calendar with 12 months and leap years",
      "setting": "Teragona"
    }
  },

  "year": {
    "epoch": 0,
    "currentYear": 125,
    "prefix": "3e ",
    "suffix": "",
    "startDay": 0
  },

  "leapYear": {
    "rule": "gregorian",
    "month": "Febnínui",
    "extraDays": 1
  },

  "months": [
    {
      "name": "Janwain",
      "abbreviation": "Wain",
      "days": 31,
      "description": "The coldest month of winter in the northern hemisphere"
    },
    {
      "name": "Febnínui",
      "abbreviation": "Nui",
      "days": 28,
      "description": "The shortest month, known for love and renewal"
    },
    {
      "name": "Mareron",
      "abbreviation": "Eron",
      "days": 31,
      "description": "Spring begins, named after Mars, god of war"
    },
    {
      "name": "Apririth",
      "abbreviation": "Rith",
      "days": 30,
      "description": "Month of opening buds and fresh growth"
    },
    {
      "name": "Maythron",
      "abbreviation": "Thron",
      "days": 31,
      "description": "Month of flowers, named after Maia, goddess of growth"
    },
    {
      "name": "Junorui",
      "abbreviation": "Orui",
      "days": 30,
      "description": "Beginning of summer, named after Juno, goddess of marriage"
    },
    {
      "name": "Julveth",
      "abbreviation": "Veth",
      "days": 31,
      "description": "Named after Julius Caesar, peak of summer"
    },
    {
      "name": "Augurui",
      "abbreviation": "Urui",
      "days": 31,
      "description": "Named after Augustus Caesar, late summer heat"
    },
    {
      "name": "Sepanneth",
      "abbreviation": "Anneth",
      "days": 30,
      "description": "The seventh month of the old Roman calendar"
    },
    {
      "name": "Octbeleth",
      "abbreviation": "Beleth",
      "days": 31,
      "description": "The eighth month of the old Roman calendar, autumn arrives"
    },
    {
      "name": "Novithui",
      "abbreviation": "Ithui",
      "days": 30,
      "description": "The ninth month of the old Roman calendar, late autumn"
    },
    {
      "name": "Decithron",
      "abbreviation": "Ithron",
      "days": 31,
      "description": "The tenth month of the old Roman calendar, winter solstice"
    }
  ],

  "weekdays": [
    {
      "name": "Sunsol",
      "abbreviation": "So",
      "description": "Day of rest and worship in many cultures"
    },
    {
      "name": "Modni",
      "abbreviation": "Mod",
      "description": "Beginning of the work week"
    },
    {
      "name": "Tueyr",
      "abbreviation": "Tyr",
      "description": "Named after Tyr, Norse god of war"
    },
    {
      "name": "Woden",
      "abbreviation": "Wo",
      "description": "Named after Woden (Odin), chief Norse god"
    },
    {
      "name": "Thunor",
      "abbreviation": "Thu",
      "description": "Named after Thor, Norse god of thunder"
    },
    {
      "name": "Frige",
      "abbreviation": "Fri",
      "description": "Named after Frigg, Norse goddess of love"
    },
    {
      "name": "Satdel",
      "abbreviation": "Sat",
      "description": "Named after Saturn, Roman god of agriculture"
    }
  ],

  "intercalary": [],

  "seasons": [
    {
      "name": "Winter",
      "startMonth": 12,
      "endMonth": 2,
      "startDay": 16,
      "endDay": 27,
      "icon": "winter",
      "description": "The cold season when days are short and temperatures are low."
    },
    {
      "name": "Stirring",
      "startMonth": 2,
      "endMonth": 4,
      "startDay": 28,
      "endDay": 21,
      "icon": "winter",
      "description": "The season of renewal when plants begin to grow and temperatures warm."
    },
    {
      "name": "Spring",
      "startMonth": 4,
      "endMonth": 6,
      "startDay": 22,
      "endDay": 15,
      "icon": "spring",
      "description": "The season of renewal when plants begin to grow and temperatures warm."
    },
    {
      "name": "Summer",
      "startMonth": 6,
      "endMonth": 8,
      "startDay": 16,
      "endDay": 31,
      "icon": "summer",
      "description": "The warmest season with long days and high temperatures."
    },
    {
      "name": "Autumn",
      "startMonth": 9,
      "endMonth": 10,
      "startDay": 1,
      "endDay": 23,
      "icon": "fall",
      "description": "The harvest season when leaves change color and temperatures begin to cool."
    },
    {
      "name": "Fading",
      "startMonth": 10,
      "endMonth": 12,
      "startDay": 24,
      "endDay": 15,
      "icon": "fall",
      "description": "The season where things slow down and days get shorter.."
    }
  ],

  "time": {
    "hoursInDay": 24,
    "minutesInHour": 60,
    "secondsInMinute": 60
  }
}
