{
  "id": "seasons-and-stars-teragona",
  "title": "Seasons & Stars - Teragona Calendar Pack",
  "description": "Fantasy RPG calendar for the Teragona fantasy settings",
  "version": "0.1.1",
  "compatibility": {
    "minimum": "13",
    "verified": "13"
  },
  "authors": [
    {
      "name": "Aether89",
      "email": "dev@aether89.com",
      "discord": "aether.89",
      "github": "aether89"
    }
  ],
  "relationships": {
    "requires": [
      {
        "id": "seasons-and-stars",
        "type": "module",
        "compatibility": {
          "minimum": "0.7.0"
        }
      }
    ]
  },
  "url": "https://github.com/Aether89/fvtt-seasons-and-stars-teragona",
  "manifest": "https://github.com/Aether89/fvtt-seasons-and-stars-teragona/releases/download/v1.0.0/module.json",
  "download": "https://github.com/Aether89/fvtt-seasons-and-stars-teragona/releases/download/v1.0.0/module.zip",
  "bugs": ""
}
